{
  "train_loss": [
    0.7347231229146322,
    0.6778244018554688,
    0.592612644036611,
    0.44529325316349666,
    0.4348953520258268,
    0.32234940975904464,
    0.42395946756005287,
    0.3306491600970427,
    0.3175581163416306,
    0.29057316730419797,
    0.3380625335810085,
    0.3080750686116517,
    0.27837231593827405,
    0.30285548099006215,
    0.23754841992631553,
    0.27106618514905373,
    0.2161846683671077,
    0.25875925842362146,
    0.222475267543147,
    0.23277163319289684,
    0.23973293101104598,
    0.1893471421053012,
    0.21971249508981902,
    0.2755069715746989,
    0.24535579606890678,
    0.21817265919720133,
    0.1901284593778352,
    0.2243112270254642,
    0.1826322704553604,
    0.20387634476646782
  ],
  "val_loss": [
    1.0150112584233284,
    2.421304225921631,
    2.0828166902065277,
    2.0414552688598633,
    2.1764773428440094,
    2.125297427177429
  ],
  "val_accuracy": [
    0.5,
    0.5,
    0.48333333333333334,
    0.48333333333333334,
    0.5166666666666667,
    0.5
  ],
  "learning_rate": [
    1.9947958005998584e-05,
    1.979240220697114e-05,
    1.9535036904803945e-05,
    1.9178681847604692e-05,
    1.8727241335952167e-05,
    1.8185661446561988e-05,
    1.7559875842035232e-05,
    1.685674076040914e-05,
    1.6083959896778476e-05,
    1.5249999999999954e-05,
    1.436399810922006e-05,
    1.343566144656196e-05,
    1.247516106276868e-05,
    1.1493020401042682e-05,
    1.0499999999999977e-05,
    9.506979598957277e-06,
    8.52483893723127e-06,
    7.564338553437999e-06,
    6.6360018907798975e-06,
    5.750000000000001e-06,
    4.9160401032215045e-06,
    4.143259239590854e-06,
    3.440124157964762e-06,
    2.8143385534380108e-06,
    2.272758664047839e-06,
    1.8213181523952972e-06,
    1.4649630951960445e-06,
    1.2075977930288466e-06,
    1.0520419940014039e-06,
    1e-06
  ]
}